symbol,exchange,date,period,strike,out-of-the-money %,call/put,iv,delta
SPX,CBOE,03/30/17,30,2368.927,0,C,0.093276,0.492384
SPX,CBOE,03/30/17,30,2368.927,0,P,0.088111,-0.50699
SPX,CBOE,03/30/17,30,2487.373,5,C,0.087333,0.024455
SPX,CBOE,03/30/17,30,2250.481,5,P,0.139932,-0.100399
SPX,CBOE,03/30/17,30,2605.82,10,C,0.107517,0.000956
SPX,CBOE,03/30/17,30,2132.034,10,P,0.204986,-0.035217
SPX,CBOE,03/30/17,30,2724.266,15,C,0.107517,0.000003
SPX,CBOE,03/30/17,30,2013.588,15,P,0.264469,-0.014955
SPX,CBOE,03/30/17,30,2842.712,20,C,0.105356,0
SPX,CBOE,03/30/17,30,1895.142,20,P,0.322643,-0.007134
SPX,CBOE,03/30/17,30,2961.159,25,C,0.105356,0
SPX,CBOE,03/30/17,30,1776.695,25,P,0.369616,-0.002884
SPX,CBOE,03/30/17,30,3079.605,30,C,0.105356,0
SPX,CBOE,03/30/17,30,1658.249,30,P,0.370703,-0.000334
SPX,CBOE,03/30/17,30,3198.052,35,C,0.105356,0
SPX,CBOE,03/30/17,30,1539.802,35,P,0.370703,-0.000021
SPX,CBOE,03/30/17,30,3316.498,40,C,0.105356,0
SPX,CBOE,03/30/17,30,1421.356,40,P,0.370703,-0.000001
SPX,CBOE,03/30/17,30,3434.944,45,C,0.105356,0
SPX,CBOE,03/30/17,30,1302.91,45,P,0.370703,-0
SPX,CBOE,03/30/17,30,3553.391,50,C,0.105356,0
SPX,CBOE,03/30/17,30,1184.464,50,P,0.370703,-0
SPX,CBOE,03/30/17,30,3671.837,55,C,0.105356,0
SPX,CBOE,03/30/17,30,1066.017,55,P,0.370772,-0
SPX,CBOE,03/30/17,30,3790.283,60,C,0.105356,0
SPX,CBOE,03/30/17,30,947.571,60,P,0.370772,0
SPX,CBOE,03/30/17,60,2368.927,0,C,0.099009,0.490939
SPX,CBOE,03/30/17,60,2368.927,0,P,0.097849,-0.50608
SPX,CBOE,03/30/17,60,2487.373,5,C,0.082186,0.067335
SPX,CBOE,03/30/17,60,2250.481,5,P,0.133731,-0.171913
SPX,CBOE,03/30/17,60,2605.82,10,C,0.096382,0.006938
SPX,CBOE,03/30/17,60,2132.034,10,P,0.173168,-0.064852
SPX,CBOE,03/30/17,60,2724.266,15,C,0.097016,0.000176
SPX,CBOE,03/30/17,60,2013.588,15,P,0.214846,-0.029189
SPX,CBOE,03/30/17,60,2842.712,20,C,0.097016,0.000002
SPX,CBOE,03/30/17,60,1895.142,20,P,0.258621,-0.015118
SPX,CBOE,03/30/17,60,2961.159,25,C,0.097016,0
SPX,CBOE,03/30/17,60,1776.695,25,P,0.301398,-0.008114
SPX,CBOE,03/30/17,60,3079.605,30,C,0.097016,0
SPX,CBOE,03/30/17,60,1658.249,30,P,0.343886,-0.004424
SPX,CBOE,03/30/17,60,3198.052,35,C,0.097016,0
SPX,CBOE,03/30/17,60,1539.802,35,P,0.383155,-0.002243
SPX,CBOE,03/30/17,60,3316.498,40,C,0.097016,0
SPX,CBOE,03/30/17,60,1421.356,40,P,0.399999,-0.000636
SPX,CBOE,03/30/17,60,3434.944,45,C,0.097016,0
SPX,CBOE,03/30/17,60,1302.91,45,P,0.399999,-0.000085
SPX,CBOE,03/30/17,60,3553.391,50,C,0.097016,0
SPX,CBOE,03/30/17,60,1184.464,50,P,0.399999,-0.000007
SPX,CBOE,03/30/17,60,3671.837,55,C,0.097016,0
SPX,CBOE,03/30/17,60,1066.017,55,P,0.409011,-0.000001
SPX,CBOE,03/30/17,60,3790.283,60,C,0.097016,0
SPX,CBOE,03/30/17,60,947.571,60,P,0.409011,-0
SPX,CBOE,03/30/17,90,2368.927,0,C,0.108275,0.493273
SPX,CBOE,03/30/17,90,2368.927,0,P,0.106842,-0.502192
SPX,CBOE,03/30/17,90,2487.373,5,C,0.088502,0.127699
SPX,CBOE,03/30/17,90,2250.481,5,P,0.137066,-0.223165
SPX,CBOE,03/30/17,90,2605.82,10,C,0.09286,0.018315
SPX,CBOE,03/30/17,90,2132.034,10,P,0.168919,-0.100858
SPX,CBOE,03/30/17,90,2724.266,15,C,0.098367,0.001989
SPX,CBOE,03/30/17,90,2013.588,15,P,0.201828,-0.049077
SPX,CBOE,03/30/17,90,2842.712,20,C,0.098367,0.000088
SPX,CBOE,03/30/17,90,1895.142,20,P,0.235762,-0.025625
SPX,CBOE,03/30/17,90,2961.159,25,C,0.093031,0.000001
SPX,CBOE,03/30/17,90,1776.695,25,P,0.270239,-0.013984
SPX,CBOE,03/30/17,90,3079.605,30,C,0.093031,0
SPX,CBOE,03/30/17,90,1658.249,30,P,0.305502,-0.007858
SPX,CBOE,03/30/17,90,3198.052,35,C,0.093031,0
SPX,CBOE,03/30/17,90,1539.802,35,P,0.342207,-0.00453
SPX,CBOE,03/30/17,90,3316.498,40,C,0.093031,0
SPX,CBOE,03/30/17,90,1421.356,40,P,0.374408,-0.002319
SPX,CBOE,03/30/17,90,3434.944,45,C,0.093031,0
SPX,CBOE,03/30/17,90,1302.91,45,P,0.414489,-0.001353
SPX,CBOE,03/30/17,90,3553.391,50,C,0.093031,0
SPX,CBOE,03/30/17,90,1184.464,50,P,0.415769,-0.000278
SPX,CBOE,03/30/17,90,3671.837,55,C,0.093031,0
SPX,CBOE,03/30/17,90,1066.017,55,P,0.415769,-0.000037
SPX,CBOE,03/30/17,90,3790.283,60,C,0.093031,0
SPX,CBOE,03/30/17,90,947.571,60,P,0.415769,-0.000003
SPX,CBOE,03/30/17,120,2368.927,0,C,0.114047,0.495192
SPX,CBOE,03/30/17,120,2368.927,0,P,0.110754,-0.499122
SPX,CBOE,03/30/17,120,2487.373,5,C,0.092996,0.174201
SPX,CBOE,03/30/17,120,2250.481,5,P,0.138577,-0.254533
SPX,CBOE,03/30/17,120,2605.82,10,C,0.090601,0.031603
SPX,CBOE,03/30/17,120,2132.034,10,P,0.166916,-0.129725
SPX,CBOE,03/30/17,120,2724.266,15,C,0.097878,0.006083
SPX,CBOE,03/30/17,120,2013.588,15,P,0.195314,-0.068221
SPX,CBOE,03/30/17,120,2842.712,20,C,0.097878,0.000547
SPX,CBOE,03/30/17,120,1895.142,20,P,0.223919,-0.037008
SPX,CBOE,03/30/17,120,2961.159,25,C,0.097878,0.000033
SPX,CBOE,03/30/17,120,1776.695,25,P,0.252956,-0.020568
SPX,CBOE,03/30/17,120,3079.605,30,C,0.097878,0.000001
SPX,CBOE,03/30/17,120,1658.249,30,P,0.282716,-0.011633
SPX,CBOE,03/30/17,120,3198.052,35,C,0.097878,0
SPX,CBOE,03/30/17,120,1539.802,35,P,0.312845,-0.006566
SPX,CBOE,03/30/17,120,3316.498,40,C,0.097878,0
SPX,CBOE,03/30/17,120,1421.356,40,P,0.343719,-0.003676
SPX,CBOE,03/30/17,120,3434.944,45,C,0.097878,0
SPX,CBOE,03/30/17,120,1302.91,45,P,0.365728,-0.001608
SPX,CBOE,03/30/17,120,3553.391,50,C,0.097878,0
SPX,CBOE,03/30/17,120,1184.464,50,P,0.366251,-0.000342
SPX,CBOE,03/30/17,120,3671.837,55,C,0.097878,0
SPX,CBOE,03/30/17,120,1066.017,55,P,0.366251,-0.000049
SPX,CBOE,03/30/17,120,3790.283,60,C,0.097878,0
SPX,CBOE,03/30/17,120,947.571,60,P,0.366251,-0.000004
SPX,CBOE,03/30/17,150,2368.927,0,C,0.117732,0.497179
SPX,CBOE,03/30/17,150,2368.927,0,P,0.116906,-0.494921
SPX,CBOE,03/30/17,150,2487.373,5,C,0.097354,0.212316
SPX,CBOE,03/30/17,150,2250.481,5,P,0.141841,-0.278404
SPX,CBOE,03/30/17,150,2605.82,10,C,0.090588,0.048344
SPX,CBOE,03/30/17,150,2132.034,10,P,0.16775,-0.155168
SPX,CBOE,03/30/17,150,2724.266,15,C,0.097264,0.012055
SPX,CBOE,03/30/17,150,2013.588,15,P,0.193091,-0.087202
SPX,CBOE,03/30/17,150,2842.712,20,C,0.103992,0.00304
SPX,CBOE,03/30/17,150,1895.142,20,P,0.218256,-0.049465
SPX,CBOE,03/30/17,150,2961.159,25,C,0.103992,0.000396
SPX,CBOE,03/30/17,150,1776.695,25,P,0.244336,-0.028596
SPX,CBOE,03/30/17,150,3079.605,30,C,0.103992,0.00004
SPX,CBOE,03/30/17,150,1658.249,30,P,0.271669,-0.016862
SPX,CBOE,03/30/17,150,3198.052,35,C,0.103992,0.000003
SPX,CBOE,03/30/17,150,1539.802,35,P,0.298331,-0.009707
SPX,CBOE,03/30/17,150,3316.498,40,C,0.103992,0
SPX,CBOE,03/30/17,150,1421.356,40,P,0.326696,-0.005635
SPX,CBOE,03/30/17,150,3434.944,45,C,0.103992,0
SPX,CBOE,03/30/17,150,1302.91,45,P,0.357444,-0.003315
SPX,CBOE,03/30/17,150,3553.391,50,C,0.103992,0
SPX,CBOE,03/30/17,150,1184.464,50,P,0.374435,-0.001353
SPX,CBOE,03/30/17,150,3671.837,55,C,0.103992,0
SPX,CBOE,03/30/17,150,1066.017,55,P,0.374435,-0.000293
SPX,CBOE,03/30/17,150,3790.283,60,C,0.103992,0
SPX,CBOE,03/30/17,150,947.571,60,P,0.374435,-0.000043
SPX,CBOE,03/30/17,180,2368.927,0,C,0.121048,0.499483
SPX,CBOE,03/30/17,180,2368.927,0,P,0.121452,-0.490713
SPX,CBOE,03/30/17,180,2487.373,5,C,0.10114,0.24298
SPX,CBOE,03/30/17,180,2250.481,5,P,0.144426,-0.295154
SPX,CBOE,03/30/17,180,2605.82,10,C,0.09168,0.067473
SPX,CBOE,03/30/17,180,2132.034,10,P,0.168206,-0.174902
SPX,CBOE,03/30/17,180,2724.266,15,C,0.093067,0.01575
SPX,CBOE,03/30/17,180,2013.588,15,P,0.191424,-0.103498
SPX,CBOE,03/30/17,180,2842.712,20,C,0.093281,0.002598
SPX,CBOE,03/30/17,180,1895.142,20,P,0.214257,-0.061122
SPX,CBOE,03/30/17,180,2961.159,25,C,0.093281,0.000316
SPX,CBOE,03/30/17,180,1776.695,25,P,0.238127,-0.036536
SPX,CBOE,03/30/17,180,3079.605,30,C,0.093281,0.00003
SPX,CBOE,03/30/17,180,1658.249,30,P,0.262877,-0.022006
SPX,CBOE,03/30/17,180,3198.052,35,C,0.093281,0.000002
SPX,CBOE,03/30/17,180,1539.802,35,P,0.287993,-0.013152
SPX,CBOE,03/30/17,180,3316.498,40,C,0.093281,0
SPX,CBOE,03/30/17,180,1421.356,40,P,0.314716,-0.007905
SPX,CBOE,03/30/17,180,3434.944,45,C,0.093281,0
SPX,CBOE,03/30/17,180,1302.91,45,P,0.341145,-0.004561
SPX,CBOE,03/30/17,180,3553.391,50,C,0.093281,0
SPX,CBOE,03/30/17,180,1184.464,50,P,0.364391,-0.002332
SPX,CBOE,03/30/17,180,3671.837,55,C,0.093281,0
SPX,CBOE,03/30/17,180,1066.017,55,P,0.38851,-0.001121
SPX,CBOE,03/30/17,180,3790.283,60,C,0.093281,0
SPX,CBOE,03/30/17,180,947.571,60,P,0.38851,-0.000244
SPX,CBOE,03/30/17,360,2368.927,0,C,0.134686,0.511766
SPX,CBOE,03/30/17,360,2368.927,0,P,0.14218,-0.467302
SPX,CBOE,03/30/17,360,2487.373,5,C,0.119285,0.350166
SPX,CBOE,03/30/17,360,2250.481,5,P,0.158335,-0.339966
SPX,CBOE,03/30/17,360,2605.82,10,C,0.106209,0.189438
SPX,CBOE,03/30/17,360,2132.034,10,P,0.174757,-0.242103
SPX,CBOE,03/30/17,360,2724.266,15,C,0.098021,0.078645
SPX,CBOE,03/30/17,360,2013.588,15,P,0.19136,-0.169871
SPX,CBOE,03/30/17,360,2842.712,20,C,0.095133,0.028177
SPX,CBOE,03/30/17,360,1895.142,20,P,0.207991,-0.117563
SPX,CBOE,03/30/17,360,2961.159,25,C,0.094942,0.009539
SPX,CBOE,03/30/17,360,1776.695,25,P,0.225134,-0.080511
SPX,CBOE,03/30/17,360,3079.605,30,C,0.094942,0.002898
SPX,CBOE,03/30/17,360,1658.249,30,P,0.24235,-0.05424
SPX,CBOE,03/30/17,360,3198.052,35,C,0.094942,0.000793
SPX,CBOE,03/30/17,360,1539.802,35,P,0.260562,-0.036195
SPX,CBOE,03/30/17,360,3316.498,40,C,0.094942,0.000197
SPX,CBOE,03/30/17,360,1421.356,40,P,0.279466,-0.023759
SPX,CBOE,03/30/17,360,3434.944,45,C,0.094942,0.000045
SPX,CBOE,03/30/17,360,1302.91,45,P,0.299742,-0.01541
SPX,CBOE,03/30/17,360,3553.391,50,C,0.094942,0.00001
SPX,CBOE,03/30/17,360,1184.464,50,P,0.320101,-0.009604
SPX,CBOE,03/30/17,360,3671.837,55,C,0.094942,0.000002
SPX,CBOE,03/30/17,360,1066.017,55,P,0.331316,-0.004757
SPX,CBOE,03/30/17,360,3790.283,60,C,0.094942,0
SPX,CBOE,03/30/17,360,947.571,60,P,0.331316,-0.001587
SPX,CBOE,03/30/17,720,2368.927,0,C,0.156742,0.517742
SPX,CBOE,03/30/17,720,2368.927,0,P,0.160909,-0.443267
SPX,CBOE,03/30/17,720,2487.373,5,C,0.146801,0.424107
SPX,CBOE,03/30/17,720,2250.481,5,P,0.171947,-0.360405
SPX,CBOE,03/30/17,720,2605.82,10,C,0.137436,0.326677
SPX,CBOE,03/30/17,720,2132.034,10,P,0.182932,-0.288127
SPX,CBOE,03/30/17,720,2724.266,15,C,0.128802,0.232876
SPX,CBOE,03/30/17,720,2013.588,15,P,0.194053,-0.22663
SPX,CBOE,03/30/17,720,2842.712,20,C,0.121654,0.152575
SPX,CBOE,03/30/17,720,1895.142,20,P,0.205406,-0.175428
SPX,CBOE,03/30/17,720,2961.159,25,C,0.115976,0.091807
SPX,CBOE,03/30/17,720,1776.695,25,P,0.217109,-0.133636
SPX,CBOE,03/30/17,720,3079.605,30,C,0.114029,0.055104
SPX,CBOE,03/30/17,720,1658.249,30,P,0.229853,-0.100556
SPX,CBOE,03/30/17,720,3198.052,35,C,0.112982,0.032205
SPX,CBOE,03/30/17,720,1539.802,35,P,0.242218,-0.073899
SPX,CBOE,03/30/17,720,3316.498,40,C,0.112332,0.018315
SPX,CBOE,03/30/17,720,1421.356,40,P,0.255674,-0.053466
SPX,CBOE,03/30/17,720,3434.944,45,C,0.111698,0.010037
SPX,CBOE,03/30/17,720,1302.91,45,P,0.269363,-0.037649
SPX,CBOE,03/30/17,720,3553.391,50,C,0.111698,0.005542
SPX,CBOE,03/30/17,720,1184.464,50,P,0.284696,-0.026067
SPX,CBOE,03/30/17,720,3671.837,55,C,0.111698,0.002996
SPX,CBOE,03/30/17,720,1066.017,55,P,0.300697,-0.017433
SPX,CBOE,03/30/17,720,3790.283,60,C,0.111698,0.00159
SPX,CBOE,03/30/17,720,947.571,60,P,0.322761,-0.012044
SPX,CBOE,03/30/17,1080,2368.927,0,C,0.165562,0.519502
SPX,CBOE,03/30/17,1080,2368.927,0,P,0.167125,-0.424392
SPX,CBOE,03/30/17,1080,2487.373,5,C,0.157533,0.448881
SPX,CBOE,03/30/17,1080,2250.481,5,P,0.177672,-0.359001
SPX,CBOE,03/30/17,1080,2605.82,10,C,0.149942,0.375759
SPX,CBOE,03/30/17,1080,2132.034,10,P,0.187032,-0.300215
SPX,CBOE,03/30/17,1080,2724.266,15,C,0.142056,0.301745
SPX,CBOE,03/30/17,1080,2013.588,15,P,0.195837,-0.247554
SPX,CBOE,03/30/17,1080,2842.712,20,C,0.135194,0.232065
SPX,CBOE,03/30/17,1080,1895.142,20,P,0.205146,-0.20135
SPX,CBOE,03/30/17,1080,2961.159,25,C,0.129532,0.171015
SPX,CBOE,03/30/17,1080,1776.695,25,P,0.214548,-0.161259
SPX,CBOE,03/30/17,1080,3079.605,30,C,0.124838,0.120787
SPX,CBOE,03/30/17,1080,1658.249,30,P,0.226042,-0.128218
SPX,CBOE,03/30/17,1080,3198.052,35,C,0.121439,0.082864
SPX,CBOE,03/30/17,1080,1539.802,35,P,0.235862,-0.099266
SPX,CBOE,03/30/17,1080,3316.498,40,C,0.119641,0.056641
SPX,CBOE,03/30/17,1080,1421.356,40,P,0.247723,-0.076165
SPX,CBOE,03/30/17,1080,3434.944,45,C,0.117873,0.037471
SPX,CBOE,03/30/17,1080,1302.91,45,P,0.259253,-0.056871
SPX,CBOE,03/30/17,1080,3553.391,50,C,0.117873,0.025805
SPX,CBOE,03/30/17,1080,1184.464,50,P,0.272111,-0.041665
SPX,CBOE,03/30/17,1080,3671.837,55,C,0.117873,0.017574
SPX,CBOE,03/30/17,1080,1066.017,55,P,0.288504,-0.030532
SPX,CBOE,03/30/17,1080,3790.283,60,C,0.117873,0.011849
SPX,CBOE,03/30/17,1080,947.571,60,P,0.305311,-0.021573
SPY,NYSEArca,03/30/17,30,236.29,0,C,0.09375,0.5175
SPY,NYSEArca,03/30/17,30,236.29,0,P,0.090694,-0.48557
SPY,NYSEArca,03/30/17,30,248.104,5,C,0.084532,0.024571
SPY,NYSEArca,03/30/17,30,224.475,5,P,0.142115,-0.096803
SPY,NYSEArca,03/30/17,30,259.919,10,C,0.096169,0.000321
SPY,NYSEArca,03/30/17,30,212.661,10,P,0.204233,-0.032687
SPY,NYSEArca,03/30/17,30,271.733,15,C,0.096169,0
SPY,NYSEArca,03/30/17,30,200.846,15,P,0.257617,-0.012273
SPY,NYSEArca,03/30/17,30,283.548,20,C,0.096169,0
SPY,NYSEArca,03/30/17,30,189.032,20,P,0.303498,-0.004429
SPY,NYSEArca,03/30/17,30,295.362,25,C,0.096169,0
SPY,NYSEArca,03/30/17,30,177.217,25,P,0.33491,-0.001134
SPY,NYSEArca,03/30/17,30,307.177,30,C,0.096169,0
SPY,NYSEArca,03/30/17,30,165.403,30,P,0.33491,-0.000081
SPY,NYSEArca,03/30/17,30,318.991,35,C,0.096169,0
SPY,NYSEArca,03/30/17,30,153.588,35,P,0.33491,-0.000003
SPY,NYSEArca,03/30/17,30,330.806,40,C,0.096169,0
SPY,NYSEArca,03/30/17,30,141.774,40,P,0.33491,-0
SPY,NYSEArca,03/30/17,30,342.621,45,C,0.096169,0
SPY,NYSEArca,03/30/17,30,129.96,45,P,0.33491,-0
SPY,NYSEArca,03/30/17,30,354.435,50,C,0.096169,0
SPY,NYSEArca,03/30/17,30,118.145,50,P,0.33491,-0
SPY,NYSEArca,03/30/17,30,366.249,55,C,0.096169,0
SPY,NYSEArca,03/30/17,30,106.33,55,P,0.33491,-0
SPY,NYSEArca,03/30/17,30,378.064,60,C,0.096169,0
SPY,NYSEArca,03/30/17,30,94.516,60,P,0.33491,-0
SPY,NYSEArca,03/30/17,60,236.29,0,C,0.105931,0.518288
SPY,NYSEArca,03/30/17,60,236.29,0,P,0.104147,-0.48377
SPY,NYSEArca,03/30/17,60,248.104,5,C,0.08568,0.087498
SPY,NYSEArca,03/30/17,60,224.475,5,P,0.138909,-0.168879
SPY,NYSEArca,03/30/17,60,259.919,10,C,0.101344,0.011515
SPY,NYSEArca,03/30/17,60,212.661,10,P,0.177945,-0.06504
SPY,NYSEArca,03/30/17,60,271.733,15,C,0.113523,0.001394
SPY,NYSEArca,03/30/17,60,200.846,15,P,0.21993,-0.030082
SPY,NYSEArca,03/30/17,60,283.548,20,C,0.113523,0.000045
SPY,NYSEArca,03/30/17,60,189.032,20,P,0.26342,-0.015655
SPY,NYSEArca,03/30/17,60,295.362,25,C,0.113523,0.000001
SPY,NYSEArca,03/30/17,60,177.217,25,P,0.304779,-0.008223
SPY,NYSEArca,03/30/17,60,307.177,30,C,0.113523,0
SPY,NYSEArca,03/30/17,60,165.403,30,P,0.348257,-0.0046
SPY,NYSEArca,03/30/17,60,318.991,35,C,0.113523,0
SPY,NYSEArca,03/30/17,60,153.588,35,P,0.386522,-0.002296
SPY,NYSEArca,03/30/17,60,330.806,40,C,0.113523,0
SPY,NYSEArca,03/30/17,60,141.774,40,P,0.403382,-0.000659
SPY,NYSEArca,03/30/17,60,342.621,45,C,0.113523,0
SPY,NYSEArca,03/30/17,60,129.96,45,P,0.405644,-0.000098
SPY,NYSEArca,03/30/17,60,354.435,50,C,0.113523,0
SPY,NYSEArca,03/30/17,60,118.145,50,P,0.405644,-0.000008
SPY,NYSEArca,03/30/17,60,366.249,55,C,0.113523,0
SPY,NYSEArca,03/30/17,60,106.33,55,P,0.405644,-0
SPY,NYSEArca,03/30/17,60,378.064,60,C,0.113523,0
SPY,NYSEArca,03/30/17,60,94.516,60,P,0.405644,-0
SPY,NYSEArca,03/30/17,90,236.29,0,C,0.111827,0.506824
SPY,NYSEArca,03/30/17,90,236.29,0,P,0.111689,-0.489982
SPY,NYSEArca,03/30/17,90,248.104,5,C,0.089561,0.138949
SPY,NYSEArca,03/30/17,90,224.475,5,P,0.139948,-0.220405
SPY,NYSEArca,03/30/17,90,259.919,10,C,0.092856,0.020025
SPY,NYSEArca,03/30/17,90,212.661,10,P,0.171049,-0.099829
SPY,NYSEArca,03/30/17,90,271.733,15,C,0.108737,0.005095
SPY,NYSEArca,03/30/17,90,200.846,15,P,0.203423,-0.048723
SPY,NYSEArca,03/30/17,90,283.548,20,C,0.108737,0.000394
SPY,NYSEArca,03/30/17,90,189.032,20,P,0.237242,-0.025507
SPY,NYSEArca,03/30/17,90,295.362,25,C,0.108737,0.00002
SPY,NYSEArca,03/30/17,90,177.217,25,P,0.271661,-0.013952
SPY,NYSEArca,03/30/17,90,307.177,30,C,0.108737,0.000001
SPY,NYSEArca,03/30/17,90,165.403,30,P,0.305179,-0.007587
SPY,NYSEArca,03/30/17,90,318.991,35,C,0.108737,0
SPY,NYSEArca,03/30/17,90,153.588,35,P,0.34225,-0.004413
SPY,NYSEArca,03/30/17,90,330.806,40,C,0.108737,0
SPY,NYSEArca,03/30/17,90,141.774,40,P,0.382455,-0.002686
SPY,NYSEArca,03/30/17,90,342.621,45,C,0.108737,0
SPY,NYSEArca,03/30/17,90,129.96,45,P,0.398285,-0.000902
SPY,NYSEArca,03/30/17,90,354.435,50,C,0.108737,0
SPY,NYSEArca,03/30/17,90,118.145,50,P,0.402802,-0.000182
SPY,NYSEArca,03/30/17,90,366.249,55,C,0.108737,0
SPY,NYSEArca,03/30/17,90,106.33,55,P,0.402802,-0.000021
SPY,NYSEArca,03/30/17,90,378.064,60,C,0.108737,0
SPY,NYSEArca,03/30/17,90,94.516,60,P,0.402802,-0.000001
SPY,NYSEArca,03/30/17,120,236.29,0,C,0.11585,0.507032
SPY,NYSEArca,03/30/17,120,236.29,0,P,0.115739,-0.488261
SPY,NYSEArca,03/30/17,120,248.104,5,C,0.093682,0.184986
SPY,NYSEArca,03/30/17,120,224.475,5,P,0.141393,-0.251517
SPY,NYSEArca,03/30/17,120,259.919,10,C,0.090419,0.033863
SPY,NYSEArca,03/30/17,120,212.661,10,P,0.169375,-0.129272
SPY,NYSEArca,03/30/17,120,271.733,15,C,0.099996,0.007724
SPY,NYSEArca,03/30/17,120,200.846,15,P,0.197015,-0.067849
SPY,NYSEArca,03/30/17,120,283.548,20,C,0.10045,0.000819
SPY,NYSEArca,03/30/17,120,189.032,20,P,0.225939,-0.03717
SPY,NYSEArca,03/30/17,120,295.362,25,C,0.10045,0.000057
SPY,NYSEArca,03/30/17,120,177.217,25,P,0.254355,-0.020521
SPY,NYSEArca,03/30/17,120,307.177,30,C,0.10045,0.000003
SPY,NYSEArca,03/30/17,120,165.403,30,P,0.28395,-0.011602
SPY,NYSEArca,03/30/17,120,318.991,35,C,0.10045,0
SPY,NYSEArca,03/30/17,120,153.588,35,P,0.313402,-0.006473
SPY,NYSEArca,03/30/17,120,330.806,40,C,0.10045,0
SPY,NYSEArca,03/30/17,120,141.774,40,P,0.347759,-0.003908
SPY,NYSEArca,03/30/17,120,342.621,45,C,0.10045,0
SPY,NYSEArca,03/30/17,120,129.96,45,P,0.383542,-0.002349
SPY,NYSEArca,03/30/17,120,354.435,50,C,0.10045,0
SPY,NYSEArca,03/30/17,120,118.145,50,P,0.397874,-0.000814
SPY,NYSEArca,03/30/17,120,366.249,55,C,0.10045,0
SPY,NYSEArca,03/30/17,120,106.33,55,P,0.399257,-0.000159
SPY,NYSEArca,03/30/17,120,378.064,60,C,0.10045,0
SPY,NYSEArca,03/30/17,120,94.516,60,P,0.399257,-0.000019
SPY,NYSEArca,03/30/17,150,236.29,0,C,0.120937,0.506194
SPY,NYSEArca,03/30/17,150,236.29,0,P,0.12081,-0.487195
SPY,NYSEArca,03/30/17,150,248.104,5,C,0.099058,0.223754
SPY,NYSEArca,03/30/17,150,224.475,5,P,0.144151,-0.275961
SPY,NYSEArca,03/30/17,150,259.919,10,C,0.091691,0.053175
SPY,NYSEArca,03/30/17,150,212.661,10,P,0.169212,-0.153672
SPY,NYSEArca,03/30/17,150,271.733,15,C,0.097208,0.012789
SPY,NYSEArca,03/30/17,150,200.846,15,P,0.194051,-0.086425
SPY,NYSEArca,03/30/17,150,283.548,20,C,0.099166,0.002143
SPY,NYSEArca,03/30/17,150,189.032,20,P,0.219337,-0.049229
SPY,NYSEArca,03/30/17,150,295.362,25,C,0.099166,0.000234
SPY,NYSEArca,03/30/17,150,177.217,25,P,0.244937,-0.028307
SPY,NYSEArca,03/30/17,150,307.177,30,C,0.099166,0.000019
SPY,NYSEArca,03/30/17,150,165.403,30,P,0.271722,-0.016552
SPY,NYSEArca,03/30/17,150,318.991,35,C,0.099166,0.000001
SPY,NYSEArca,03/30/17,150,153.588,35,P,0.299039,-0.009654
SPY,NYSEArca,03/30/17,150,330.806,40,C,0.099166,0
SPY,NYSEArca,03/30/17,150,141.774,40,P,0.328098,-0.005691
SPY,NYSEArca,03/30/17,150,342.621,45,C,0.099166,0
SPY,NYSEArca,03/30/17,150,129.96,45,P,0.356711,-0.003206
SPY,NYSEArca,03/30/17,150,354.435,50,C,0.099166,0
SPY,NYSEArca,03/30/17,150,118.145,50,P,0.384006,-0.001661
SPY,NYSEArca,03/30/17,150,366.249,55,C,0.099166,0
SPY,NYSEArca,03/30/17,150,106.33,55,P,0.390026,-0.000457
SPY,NYSEArca,03/30/17,150,378.064,60,C,0.099166,0
SPY,NYSEArca,03/30/17,150,94.516,60,P,0.390026,-0.000076
SPY,NYSEArca,03/30/17,180,236.29,0,C,0.124168,0.50438
SPY,NYSEArca,03/30/17,180,236.29,0,P,0.124009,-0.486767
SPY,NYSEArca,03/30/17,180,248.104,5,C,0.102453,0.249842
SPY,NYSEArca,03/30/17,180,224.475,5,P,0.146008,-0.294228
SPY,NYSEArca,03/30/17,180,259.919,10,C,0.092038,0.070016
SPY,NYSEArca,03/30/17,180,212.661,10,P,0.169118,-0.174011
SPY,NYSEArca,03/30/17,180,271.733,15,C,0.0946,0.01777
SPY,NYSEArca,03/30/17,180,200.846,15,P,0.192036,-0.103127
SPY,NYSEArca,03/30/17,180,283.548,20,C,0.097154,0.003811
SPY,NYSEArca,03/30/17,180,189.032,20,P,0.214865,-0.060988
SPY,NYSEArca,03/30/17,180,295.362,25,C,0.097154,0.000545
SPY,NYSEArca,03/30/17,180,177.217,25,P,0.238623,-0.036442
SPY,NYSEArca,03/30/17,180,307.177,30,C,0.098706,0.000079
SPY,NYSEArca,03/30/17,180,165.403,30,P,0.263045,-0.021852
SPY,NYSEArca,03/30/17,180,318.991,35,C,0.098706,0.000008
SPY,NYSEArca,03/30/17,180,153.588,35,P,0.288918,-0.013244
SPY,NYSEArca,03/30/17,180,330.806,40,C,0.098706,0.000001
SPY,NYSEArca,03/30/17,180,141.774,40,P,0.314164,-0.007748
SPY,NYSEArca,03/30/17,180,342.621,45,C,0.098706,0
SPY,NYSEArca,03/30/17,180,129.96,45,P,0.342455,-0.00464
SPY,NYSEArca,03/30/17,180,354.435,50,C,0.098706,0
SPY,NYSEArca,03/30/17,180,118.145,50,P,0.364915,-0.002338
SPY,NYSEArca,03/30/17,180,366.249,55,C,0.098706,0
SPY,NYSEArca,03/30/17,180,106.33,55,P,0.366637,-0.000629
SPY,NYSEArca,03/30/17,180,378.064,60,C,0.098706,0
SPY,NYSEArca,03/30/17,180,94.516,60,P,0.366637,-0.000115
SPY,NYSEArca,03/30/17,360,236.29,0,C,0.140543,0.505476
SPY,NYSEArca,03/30/17,360,236.29,0,P,0.14048,-0.473495
SPY,NYSEArca,03/30/17,360,248.104,5,C,0.123302,0.348273
SPY,NYSEArca,03/30/17,360,224.475,5,P,0.156407,-0.343631
SPY,NYSEArca,03/30/17,360,259.919,10,C,0.109124,0.190269
SPY,NYSEArca,03/30/17,360,212.661,10,P,0.172855,-0.243848
SPY,NYSEArca,03/30/17,360,271.733,15,C,0.100126,0.079695
SPY,NYSEArca,03/30/17,360,200.846,15,P,0.189618,-0.170673
SPY,NYSEArca,03/30/17,360,283.548,20,C,0.096785,0.028764
SPY,NYSEArca,03/30/17,360,189.032,20,P,0.206204,-0.117852
SPY,NYSEArca,03/30/17,360,295.362,25,C,0.100057,0.012417
SPY,NYSEArca,03/30/17,360,177.217,25,P,0.223009,-0.080218
SPY,NYSEArca,03/30/17,360,307.177,30,C,0.102943,0.005215
SPY,NYSEArca,03/30/17,360,165.403,30,P,0.240643,-0.054118
SPY,NYSEArca,03/30/17,360,318.991,35,C,0.103424,0.001775
SPY,NYSEArca,03/30/17,360,153.588,35,P,0.258956,-0.03607
SPY,NYSEArca,03/30/17,360,330.806,40,C,0.103424,0.00054
SPY,NYSEArca,03/30/17,360,141.774,40,P,0.277961,-0.023658
SPY,NYSEArca,03/30/17,360,342.621,45,C,0.103424,0.000153
SPY,NYSEArca,03/30/17,360,129.96,45,P,0.298164,-0.015296
SPY,NYSEArca,03/30/17,360,354.435,50,C,0.103424,0.000041
SPY,NYSEArca,03/30/17,360,118.145,50,P,0.317856,-0.009406
SPY,NYSEArca,03/30/17,360,366.249,55,C,0.103424,0.00001
SPY,NYSEArca,03/30/17,360,106.33,55,P,0.339741,-0.005683
SPY,NYSEArca,03/30/17,360,378.064,60,C,0.103424,0.000002
SPY,NYSEArca,03/30/17,360,94.516,60,P,0.366659,-0.003521
SPY,NYSEArca,03/30/17,720,236.29,0,C,0.1597,0.513695
SPY,NYSEArca,03/30/17,720,236.29,0,P,0.159153,-0.449823
SPY,NYSEArca,03/30/17,720,248.104,5,C,0.14847,0.420634
SPY,NYSEArca,03/30/17,720,224.475,5,P,0.17005,-0.364734
SPY,NYSEArca,03/30/17,720,259.919,10,C,0.13815,0.32302
SPY,NYSEArca,03/30/17,720,212.661,10,P,0.180928,-0.290694
SPY,NYSEArca,03/30/17,720,271.733,15,C,0.129207,0.229512
SPY,NYSEArca,03/30/17,720,200.846,15,P,0.192476,-0.228142
SPY,NYSEArca,03/30/17,720,283.548,20,C,0.121413,0.148687
SPY,NYSEArca,03/30/17,720,189.032,20,P,0.204049,-0.176349
SPY,NYSEArca,03/30/17,720,295.362,25,C,0.115078,0.087558
SPY,NYSEArca,03/30/17,720,177.217,25,P,0.215983,-0.134204
SPY,NYSEArca,03/30/17,720,307.177,30,C,0.111895,0.049957
SPY,NYSEArca,03/30/17,720,165.403,30,P,0.228123,-0.10031
SPY,NYSEArca,03/30/17,720,318.991,35,C,0.112012,0.029952
SPY,NYSEArca,03/30/17,720,153.588,35,P,0.240286,-0.0733
SPY,NYSEArca,03/30/17,720,330.806,40,C,0.111939,0.017316
SPY,NYSEArca,03/30/17,720,141.774,40,P,0.25407,-0.05318
SPY,NYSEArca,03/30/17,720,342.621,45,C,0.111888,0.009753
SPY,NYSEArca,03/30/17,720,129.96,45,P,0.268079,-0.037508
SPY,NYSEArca,03/30/17,720,354.435,50,C,0.111863,0.005371
SPY,NYSEArca,03/30/17,720,118.145,50,P,0.283599,-0.025991
SPY,NYSEArca,03/30/17,720,366.249,55,C,0.111863,0.0029
SPY,NYSEArca,03/30/17,720,106.33,55,P,0.299115,-0.017243
SPY,NYSEArca,03/30/17,720,378.064,60,C,0.111863,0.001537
SPY,NYSEArca,03/30/17,720,94.516,60,P,0.316059,-0.011029
SPY,NYSEArca,03/30/17,1080,236.29,0,C,0.169072,0.519742
SPY,NYSEArca,03/30/17,1080,236.29,0,P,0.167824,-0.431388
SPY,NYSEArca,03/30/17,1080,248.104,5,C,0.159741,0.449597
SPY,NYSEArca,03/30/17,1080,224.475,5,P,0.17638,-0.364258
SPY,NYSEArca,03/30/17,1080,259.919,10,C,0.151445,0.376633
SPY,NYSEArca,03/30/17,1080,212.661,10,P,0.185172,-0.303538
SPY,NYSEArca,03/30/17,1080,271.733,15,C,0.144697,0.305227
SPY,NYSEArca,03/30/17,1080,200.846,15,P,0.195522,-0.25017
SPY,NYSEArca,03/30/17,1080,283.548,20,C,0.137754,0.236345
SPY,NYSEArca,03/30/17,1080,189.032,20,P,0.205025,-0.203272
SPY,NYSEArca,03/30/17,1080,295.362,25,C,0.131479,0.174504
SPY,NYSEArca,03/30/17,1080,177.217,25,P,0.214497,-0.162549
SPY,NYSEArca,03/30/17,1080,307.177,30,C,0.125843,0.122345
SPY,NYSEArca,03/30/17,1080,165.403,30,P,0.224272,-0.127909
SPY,NYSEArca,03/30/17,1080,318.991,35,C,0.121701,0.082918
SPY,NYSEArca,03/30/17,1080,153.588,35,P,0.235494,-0.099623
SPY,NYSEArca,03/30/17,1080,330.806,40,C,0.118934,0.055138
SPY,NYSEArca,03/30/17,1080,141.774,40,P,0.246671,-0.075748
SPY,NYSEArca,03/30/17,1080,342.621,45,C,0.117002,0.036068
SPY,NYSEArca,03/30/17,1080,129.96,45,P,0.25852,-0.056616
SPY,NYSEArca,03/30/17,1080,354.435,50,C,0.116019,0.023683
SPY,NYSEArca,03/30/17,1080,118.145,50,P,0.272672,-0.041883
SPY,NYSEArca,03/30/17,1080,366.249,55,C,0.116019,0.015941
SPY,NYSEArca,03/30/17,1080,106.33,55,P,0.285632,-0.029673
SPY,NYSEArca,03/30/17,1080,378.064,60,C,0.116019,0.010619
SPY,NYSEArca,03/30/17,1080,94.516,60,P,0.29946,-0.020179
XEG,TSX,03/30/17,30,12.69,0,C,0.189209,0.508088
XEG,TSX,03/30/17,30,12.69,0,P,0.189097,-0.49119
XEG,TSX,03/30/17,30,13.324,5,C,0.17818,0.174543
XEG,TSX,03/30/17,30,12.055,5,P,0.194371,-0.172824
XEG,TSX,03/30/17,30,13.959,10,C,0.178798,0.03286
XEG,TSX,03/30/17,30,11.421,10,P,0.195554,-0.028591
XEG,TSX,03/30/17,30,14.593,15,C,0.178798,0.00339
XEG,TSX,03/30/17,30,10.786,15,P,0.214826,-0.003854
XEG,TSX,03/30/17,30,15.228,20,C,0.182248,0.000261
XEG,TSX,03/30/17,30,10.152,20,P,0.214826,-0.000132
XEG,TSX,03/30/17,30,15.862,25,C,0.182248,0.000011
XEG,TSX,03/30/17,30,9.517,25,P,0.214826,-0.000001
XEG,TSX,03/30/17,30,16.497,30,C,0.182248,0
XEG,TSX,03/30/17,30,8.883,30,P,0.214826,-0
XEG,TSX,03/30/17,30,17.132,35,C,0.182248,0
XEG,TSX,03/30/17,30,8.248,35,P,0.214826,-0
XEG,TSX,03/30/17,30,17.766,40,C,0.182248,0
XEG,TSX,03/30/17,30,7.614,40,P,0.214826,-0
XEG,TSX,03/30/17,30,18.4,45,C,0.182248,0
XEG,TSX,03/30/17,30,6.979,45,P,0.214826,-0
XEG,TSX,03/30/17,30,19.035,50,C,0.182248,0
XEG,TSX,03/30/17,30,6.345,50,P,0.214826,0
XEG,TSX,03/30/17,30,19.669,55,C,0.182248,0
XEG,TSX,03/30/17,30,5.71,55,P,0.214826,0
XEG,TSX,03/30/17,30,20.304,60,C,0.182248,0
XEG,TSX,03/30/17,30,5.076,60,P,0.214826,0
XEG,TSX,03/30/17,60,12.69,0,C,0.194481,0.511017
XEG,TSX,03/30/17,60,12.69,0,P,0.194197,-0.487294
XEG,TSX,03/30/17,60,13.324,5,C,0.185115,0.266303
XEG,TSX,03/30/17,60,12.055,5,P,0.211514,-0.26319
XEG,TSX,03/30/17,60,13.959,10,C,0.189093,0.112041
XEG,TSX,03/30/17,60,11.421,10,P,0.219246,-0.110818
XEG,TSX,03/30/17,60,14.593,15,C,0.189093,0.036301
XEG,TSX,03/30/17,60,10.786,15,P,0.219246,-0.031094
XEG,TSX,03/30/17,60,15.228,20,C,0.189093,0.009379
XEG,TSX,03/30/17,60,10.152,20,P,0.219246,-0.005436
XEG,TSX,03/30/17,60,15.862,25,C,0.189093,0.001972
XEG,TSX,03/30/17,60,9.517,25,P,0.219246,-0.000533
XEG,TSX,03/30/17,60,16.497,30,C,0.189093,0.000344
XEG,TSX,03/30/17,60,8.883,30,P,0.219246,-0.000026
XEG,TSX,03/30/17,60,17.132,35,C,0.189093,0.000051
XEG,TSX,03/30/17,60,8.248,35,P,0.219246,-0.000001
XEG,TSX,03/30/17,60,17.766,40,C,0.189093,0.000006
XEG,TSX,03/30/17,60,7.614,40,P,0.219246,-0
XEG,TSX,03/30/17,60,18.4,45,C,0.189093,0.000001
XEG,TSX,03/30/17,60,6.979,45,P,0.219246,-0
XEG,TSX,03/30/17,60,19.035,50,C,0.189093,0
XEG,TSX,03/30/17,60,6.345,50,P,0.219246,-0
XEG,TSX,03/30/17,60,19.669,55,C,0.189093,0
XEG,TSX,03/30/17,60,5.71,55,P,0.219246,-0
XEG,TSX,03/30/17,60,20.304,60,C,0.189093,0
XEG,TSX,03/30/17,60,5.076,60,P,0.219246,0
XEG,TSX,03/30/17,90,12.69,0,C,0.202702,0.515296
XEG,TSX,03/30/17,90,12.69,0,P,0.202359,-0.48203
XEG,TSX,03/30/17,90,13.324,5,C,0.195976,0.32136
XEG,TSX,03/30/17,90,12.055,5,P,0.213271,-0.297296
XEG,TSX,03/30/17,90,13.959,10,C,0.195081,0.172052
XEG,TSX,03/30/17,90,11.421,10,P,0.216528,-0.152091
XEG,TSX,03/30/17,90,14.593,15,C,0.195024,0.080005
XEG,TSX,03/30/17,90,10.786,15,P,0.21824,-0.060889
XEG,TSX,03/30/17,90,15.228,20,C,0.195024,0.032572
XEG,TSX,03/30/17,90,10.152,20,P,0.21824,-0.01758
XEG,TSX,03/30/17,90,15.862,25,C,0.195024,0.011737
XEG,TSX,03/30/17,90,9.517,25,P,0.21824,-0.003448
XEG,TSX,03/30/17,90,16.497,30,C,0.195024,0.003787
XEG,TSX,03/30/17,90,8.883,30,P,0.21824,-0.000421
XEG,TSX,03/30/17,90,17.132,35,C,0.195024,0.001106
XEG,TSX,03/30/17,90,8.248,35,P,0.21824,-0.000029
XEG,TSX,03/30/17,90,17.766,40,C,0.195024,0.000296
XEG,TSX,03/30/17,90,7.614,40,P,0.21824,-0.000001
XEG,TSX,03/30/17,90,18.4,45,C,0.195024,0.000073
XEG,TSX,03/30/17,90,6.979,45,P,0.21824,-0
XEG,TSX,03/30/17,90,19.035,50,C,0.195024,0.000017
XEG,TSX,03/30/17,90,6.345,50,P,0.21824,-0
XEG,TSX,03/30/17,90,19.669,55,C,0.195024,0.000004
XEG,TSX,03/30/17,90,5.71,55,P,0.21824,-0
XEG,TSX,03/30/17,90,20.304,60,C,0.195024,0.000001
XEG,TSX,03/30/17,90,5.076,60,P,0.21824,-0
XEG,TSX,03/30/17,120,12.69,0,C,0.210018,0.51592
XEG,TSX,03/30/17,120,12.69,0,P,0.209654,-0.479693
XEG,TSX,03/30/17,120,13.324,5,C,0.2039,0.352694
XEG,TSX,03/30/17,120,12.055,5,P,0.217962,-0.321505
XEG,TSX,03/30/17,120,13.959,10,C,0.201637,0.216231
XEG,TSX,03/30/17,120,11.421,10,P,0.224559,-0.191213
XEG,TSX,03/30/17,120,14.593,15,C,0.201491,0.121043
XEG,TSX,03/30/17,120,10.786,15,P,0.22887,-0.097967
XEG,TSX,03/30/17,120,15.228,20,C,0.201491,0.062055
XEG,TSX,03/30/17,120,10.152,20,P,0.22887,-0.039652
XEG,TSX,03/30/17,120,15.862,25,C,0.201491,0.029326
XEG,TSX,03/30/17,120,9.517,25,P,0.22887,-0.012346
XEG,TSX,03/30/17,120,16.497,30,C,0.201491,0.012872
XEG,TSX,03/30/17,120,8.883,30,P,0.22887,-0.002789
XEG,TSX,03/30/17,120,17.132,35,C,0.201491,0.005286
XEG,TSX,03/30/17,120,8.248,35,P,0.22887,-0.000425
XEG,TSX,03/30/17,120,17.766,40,C,0.201491,0.002045
XEG,TSX,03/30/17,120,7.614,40,P,0.22887,-0.00004
XEG,TSX,03/30/17,120,18.4,45,C,0.201491,0.00075
XEG,TSX,03/30/17,120,6.979,45,P,0.22887,-0.000002
XEG,TSX,03/30/17,120,19.035,50,C,0.201491,0.000262
XEG,TSX,03/30/17,120,6.345,50,P,0.22887,-0
XEG,TSX,03/30/17,120,19.669,55,C,0.201491,0.000088
XEG,TSX,03/30/17,120,5.71,55,P,0.22887,-0
XEG,TSX,03/30/17,120,20.304,60,C,0.201491,0.000028
XEG,TSX,03/30/17,120,5.076,60,P,0.22887,-0
XEG,TSX,03/30/17,150,12.69,0,C,0.214287,0.515418
XEG,TSX,03/30/17,150,12.69,0,P,0.213911,-0.478077
XEG,TSX,03/30/17,150,13.324,5,C,0.20851,0.371929
XEG,TSX,03/30/17,150,12.055,5,P,0.220729,-0.337662
XEG,TSX,03/30/17,150,13.959,10,C,0.205469,0.246578
XEG,TSX,03/30/17,150,11.421,10,P,0.229243,-0.218754
XEG,TSX,03/30/17,150,14.593,15,C,0.205273,0.153157
XEG,TSX,03/30/17,150,10.786,15,P,0.235017,-0.127079
XEG,TSX,03/30/17,150,15.228,20,C,0.205273,0.089186
XEG,TSX,03/30/17,150,10.152,20,P,0.235017,-0.061759
XEG,TSX,03/30/17,150,15.862,25,C,0.205273,0.048908
XEG,TSX,03/30/17,150,9.517,25,P,0.235017,-0.024533
XEG,TSX,03/30/17,150,16.497,30,C,0.205273,0.025396
XEG,TSX,03/30/17,150,8.883,30,P,0.235017,-0.007643
XEG,TSX,03/30/17,150,17.132,35,C,0.205273,0.012554
XEG,TSX,03/30/17,150,8.248,35,P,0.235017,-0.001767
XEG,TSX,03/30/17,150,17.766,40,C,0.205273,0.005937
XEG,TSX,03/30/17,150,7.614,40,P,0.235017,-0.000282
XEG,TSX,03/30/17,150,18.4,45,C,0.205273,0.002698
XEG,TSX,03/30/17,150,6.979,45,P,0.235017,-0.000028
XEG,TSX,03/30/17,150,19.035,50,C,0.205273,0.001184
XEG,TSX,03/30/17,150,6.345,50,P,0.235017,-0.000002
XEG,TSX,03/30/17,150,19.669,55,C,0.205273,0.000503
XEG,TSX,03/30/17,150,5.71,55,P,0.235017,-0
XEG,TSX,03/30/17,150,20.304,60,C,0.205273,0.000208
XEG,TSX,03/30/17,150,5.076,60,P,0.235017,-0
XEG,TSX,03/30/17,180,12.69,0,C,0.216392,0.515673
XEG,TSX,03/30/17,180,12.69,0,P,0.216031,-0.47587
XEG,TSX,03/30/17,180,13.324,5,C,0.211047,0.385918
XEG,TSX,03/30/17,180,12.055,5,P,0.221908,-0.348049
XEG,TSX,03/30/17,180,13.959,10,C,0.207943,0.269845
XEG,TSX,03/30/17,180,11.421,10,P,0.230662,-0.237411
XEG,TSX,03/30/17,180,14.593,15,C,0.207589,0.179215
XEG,TSX,03/30/17,180,10.786,15,P,0.236657,-0.148451
XEG,TSX,03/30/17,180,15.228,20,C,0.207484,0.113106
XEG,TSX,03/30/17,180,10.152,20,P,0.236657,-0.079714
XEG,TSX,03/30/17,180,15.862,25,C,0.207484,0.068148
XEG,TSX,03/30/17,180,9.517,25,P,0.236657,-0.036356
XEG,TSX,03/30/17,180,16.497,30,C,0.207484,0.039337
XEG,TSX,03/30/17,180,8.883,30,P,0.236657,-0.01358
XEG,TSX,03/30/17,180,17.132,35,C,0.207484,0.021844
XEG,TSX,03/30/17,180,8.248,35,P,0.236657,-0.003969
XEG,TSX,03/30/17,180,17.766,40,C,0.207484,0.011714
XEG,TSX,03/30/17,180,7.614,40,P,0.236657,-0.000857
XEG,TSX,03/30/17,180,18.4,45,C,0.207484,0.006089
XEG,TSX,03/30/17,180,6.979,45,P,0.236657,-0.000127
XEG,TSX,03/30/17,180,19.035,50,C,0.207484,0.003077
XEG,TSX,03/30/17,180,6.345,50,P,0.236657,-0.000012
XEG,TSX,03/30/17,180,19.669,55,C,0.207484,0.001517
XEG,TSX,03/30/17,180,5.71,55,P,0.236657,-0.000001
XEG,TSX,03/30/17,180,20.304,60,C,0.207484,0.000731
XEG,TSX,03/30/17,180,5.076,60,P,0.236657,-0
XEG,TSX,03/30/17,360,12.69,0,C,0.219193,0.518811
XEG,TSX,03/30/17,360,12.69,0,P,0.219008,-0.462464
XEG,TSX,03/30/17,360,13.324,5,C,0.215552,0.428927
XEG,TSX,03/30/17,360,12.055,5,P,0.222553,-0.372404
XEG,TSX,03/30/17,360,13.959,10,C,0.213675,0.345103
XEG,TSX,03/30/17,360,11.421,10,P,0.226519,-0.287096
XEG,TSX,03/30/17,360,14.593,15,C,0.210554,0.26843
XEG,TSX,03/30/17,360,10.786,15,P,0.231805,-0.211774
XEG,TSX,03/30/17,360,15.228,20,C,0.208498,0.203477
XEG,TSX,03/30/17,360,10.152,20,P,0.239606,-0.149909
XEG,TSX,03/30/17,360,15.862,25,C,0.208498,0.152675
XEG,TSX,03/30/17,360,9.517,25,P,0.241749,-0.097528
XEG,TSX,03/30/17,360,16.497,30,C,0.208498,0.112503
XEG,TSX,03/30/17,360,8.883,30,P,0.24205,-0.057032
XEG,TSX,03/30/17,360,17.132,35,C,0.208498,0.081558
XEG,TSX,03/30/17,360,8.248,35,P,0.24205,-0.029556
XEG,TSX,03/30/17,360,17.766,40,C,0.208498,0.058262
XEG,TSX,03/30/17,360,7.614,40,P,0.24205,-0.013231
XEG,TSX,03/30/17,360,18.4,45,C,0.208498,0.041074
XEG,TSX,03/30/17,360,6.979,45,P,0.24205,-0.004933
XEG,TSX,03/30/17,360,19.035,50,C,0.208498,0.028617
XEG,TSX,03/30/17,360,6.345,50,P,0.24205,-0.001459
XEG,TSX,03/30/17,360,19.669,55,C,0.208498,0.019728
XEG,TSX,03/30/17,360,5.71,55,P,0.24205,-0.00032
XEG,TSX,03/30/17,360,20.304,60,C,0.208498,0.013473
XEG,TSX,03/30/17,360,5.076,60,P,0.24205,-0.000047
XEG,TSX,03/30/17,720,12.69,0,C,0.217771,0.535083
XEG,TSX,03/30/17,720,12.69,0,P,0.21729,-0.437393
XEG,TSX,03/30/17,720,13.324,5,C,0.215255,0.471908
XEG,TSX,03/30/17,720,12.055,5,P,0.216801,-0.373284
XEG,TSX,03/30/17,720,13.959,10,C,0.219434,0.416315
XEG,TSX,03/30/17,720,11.421,10,P,0.224902,-0.311239
XEG,TSX,03/30/17,720,14.593,15,C,0.215946,0.358495
XEG,TSX,03/30/17,720,10.786,15,P,0.232796,-0.254491
XEG,TSX,03/30/17,720,15.228,20,C,0.213372,0.3052
XEG,TSX,03/30/17,720,10.152,20,P,0.238659,-0.202776
XEG,TSX,03/30/17,720,15.862,25,C,0.213372,0.259907
XEG,TSX,03/30/17,720,9.517,25,P,0.245617,-0.157661
XEG,TSX,03/30/17,720,16.497,30,C,0.213372,0.219835
XEG,TSX,03/30/17,720,8.883,30,P,0.251573,-0.118514
XEG,TSX,03/30/17,720,17.132,35,C,0.213372,0.184807
XEG,TSX,03/30/17,720,8.248,35,P,0.251573,-0.082185
XEG,TSX,03/30/17,720,17.766,40,C,0.213372,0.154513
XEG,TSX,03/30/17,720,7.614,40,P,0.251573,-0.053096
XEG,TSX,03/30/17,720,18.4,45,C,0.213372,0.128554
XEG,TSX,03/30/17,720,6.979,45,P,0.251573,-0.031412
XEG,TSX,03/30/17,720,19.035,50,C,0.213372,0.106492
XEG,TSX,03/30/17,720,6.345,50,P,0.251573,-0.01663
XEG,TSX,03/30/17,720,19.669,55,C,0.213372,0.087874
XEG,TSX,03/30/17,720,5.71,55,P,0.251573,-0.007634
XEG,TSX,03/30/17,720,20.304,60,C,0.213372,0.072263
XEG,TSX,03/30/17,720,5.076,60,P,0.251573,-0.002906
XEG,TSX,03/30/17,1080,12.69,0,C,0.217771,0.538485
XEG,TSX,03/30/17,1080,12.69,0,P,0.21729,-0.421433
XEG,TSX,03/30/17,1080,13.324,5,C,0.215255,0.487456
XEG,TSX,03/30/17,1080,12.055,5,P,0.216801,-0.369668
XEG,TSX,03/30/17,1080,13.959,10,C,0.219434,0.442996
XEG,TSX,03/30/17,1080,11.421,10,P,0.224902,-0.318204
XEG,TSX,03/30/17,1080,14.593,15,C,0.215946,0.395041
XEG,TSX,03/30/17,1080,10.786,15,P,0.232796,-0.270395
XEG,TSX,03/30/17,1080,15.228,20,C,0.213372,0.349905
XEG,TSX,03/30/17,1080,10.152,20,P,0.238659,-0.2258
XEG,TSX,03/30/17,1080,15.862,25,C,0.213372,0.310704
XEG,TSX,03/30/17,1080,9.517,25,P,0.245617,-0.185371
XEG,TSX,03/30/17,1080,16.497,30,C,0.213372,0.274857
XEG,TSX,03/30/17,1080,8.883,30,P,0.251573,-0.148601
XEG,TSX,03/30/17,1080,17.132,35,C,0.213372,0.242329
XEG,TSX,03/30/17,1080,8.248,35,P,0.251573,-0.112755
XEG,TSX,03/30/17,1080,17.766,40,C,0.213372,0.213013
XEG,TSX,03/30/17,1080,7.614,40,P,0.251573,-0.081536
XEG,TSX,03/30/17,1080,18.4,45,C,0.213372,0.186749
XEG,TSX,03/30/17,1080,6.979,45,P,0.251573,-0.055482
XEG,TSX,03/30/17,1080,19.035,50,C,0.213372,0.16334
XEG,TSX,03/30/17,1080,6.345,50,P,0.251573,-0.034974
XEG,TSX,03/30/17,1080,19.669,55,C,0.213372,0.142572
XEG,TSX,03/30/17,1080,5.71,55,P,0.251573,-0.01999
XEG,TSX,03/30/17,1080,20.304,60,C,0.213372,0.124219
XEG,TSX,03/30/17,1080,5.076,60,P,0.251573,-0.01005
XIU,TSX,03/30/17,30,23.06,0,C,0.094645,0.511291
XIU,TSX,03/30/17,30,23.06,0,P,0.093506,-0.490056
XIU,TSX,03/30/17,30,24.213,5,C,0.081846,0.020156
XIU,TSX,03/30/17,30,21.907,5,P,0.117658,-0.060648
XIU,TSX,03/30/17,30,25.366,10,C,0.081401,0.000025
XIU,TSX,03/30/17,30,20.754,10,P,0.15049,-0.006701
XIU,TSX,03/30/17,30,26.519,15,C,0.081401,0
XIU,TSX,03/30/17,30,19.601,15,P,0.15049,-0.000073
XIU,TSX,03/30/17,30,27.672,20,C,0.081401,0
XIU,TSX,03/30/17,30,18.448,20,P,0.15049,-0
XIU,TSX,03/30/17,30,28.825,25,C,0.081401,0
XIU,TSX,03/30/17,30,17.295,25,P,0.15049,-0
XIU,TSX,03/30/17,30,29.978,30,C,0.081401,0
XIU,TSX,03/30/17,30,16.142,30,P,0.15049,-0
XIU,TSX,03/30/17,30,31.131,35,C,0.081401,0
XIU,TSX,03/30/17,30,14.989,35,P,0.15049,-0
XIU,TSX,03/30/17,30,32.284,40,C,0.081401,0
XIU,TSX,03/30/17,30,13.836,40,P,0.15049,0
XIU,TSX,03/30/17,30,33.437,45,C,0.081401,0
XIU,TSX,03/30/17,30,12.683,45,P,0.15049,0
XIU,TSX,03/30/17,30,34.59,50,C,0.081401,0
XIU,TSX,03/30/17,30,11.53,50,P,0.15049,0
XIU,TSX,03/30/17,30,35.743,55,C,0.081401,0
XIU,TSX,03/30/17,30,10.377,55,P,0.15049,0
XIU,TSX,03/30/17,30,36.896,60,C,0.081401,0
XIU,TSX,03/30/17,30,9.224,60,P,0.15049,0
XIU,TSX,03/30/17,60,23.06,0,C,0.106561,0.500741
XIU,TSX,03/30/17,60,23.06,0,P,0.105287,-0.497711
XIU,TSX,03/30/17,60,24.213,5,C,0.090854,0.09214
XIU,TSX,03/30/17,60,21.907,5,P,0.145014,-0.186417
XIU,TSX,03/30/17,60,25.366,10,C,0.090854,0.004796
XIU,TSX,03/30/17,60,20.754,10,P,0.180719,-0.071445
XIU,TSX,03/30/17,60,26.519,15,C,0.090854,0.000073
XIU,TSX,03/30/17,60,19.601,15,P,0.180719,-0.012385
XIU,TSX,03/30/17,60,27.672,20,C,0.090854,0
XIU,TSX,03/30/17,60,18.448,20,P,0.180719,-0.001062
XIU,TSX,03/30/17,60,28.825,25,C,0.090854,0
XIU,TSX,03/30/17,60,17.295,25,P,0.180719,-0.000039
XIU,TSX,03/30/17,60,29.978,30,C,0.090854,0
XIU,TSX,03/30/17,60,16.142,30,P,0.180719,-0
XIU,TSX,03/30/17,60,31.131,35,C,0.090854,0
XIU,TSX,03/30/17,60,14.989,35,P,0.180719,-0
XIU,TSX,03/30/17,60,32.284,40,C,0.090854,0
XIU,TSX,03/30/17,60,13.836,40,P,0.180719,-0
XIU,TSX,03/30/17,60,33.437,45,C,0.090854,0
XIU,TSX,03/30/17,60,12.683,45,P,0.180719,-0
XIU,TSX,03/30/17,60,34.59,50,C,0.090854,0
XIU,TSX,03/30/17,60,11.53,50,P,0.180719,-0
XIU,TSX,03/30/17,60,35.743,55,C,0.090854,0
XIU,TSX,03/30/17,60,10.377,55,P,0.180719,0
XIU,TSX,03/30/17,60,36.896,60,C,0.090854,0
XIU,TSX,03/30/17,60,9.224,60,P,0.180719,0
XIU,TSX,03/30/17,90,23.06,0,C,0.118767,0.471797
XIU,TSX,03/30/17,90,23.06,0,P,0.118459,-0.521091
XIU,TSX,03/30/17,90,24.213,5,C,0.10434,0.152739
XIU,TSX,03/30/17,90,21.907,5,P,0.149161,-0.25339
XIU,TSX,03/30/17,90,25.366,10,C,0.10434,0.027361
XIU,TSX,03/30/17,90,20.754,10,P,0.175052,-0.115513
XIU,TSX,03/30/17,90,26.519,15,C,0.10434,0.002733
XIU,TSX,03/30/17,90,19.601,15,P,0.176564,-0.032949
XIU,TSX,03/30/17,90,27.672,20,C,0.10434,0.00016
XIU,TSX,03/30/17,90,18.448,20,P,0.176564,-0.005705
XIU,TSX,03/30/17,90,28.825,25,C,0.10434,0.000006
XIU,TSX,03/30/17,90,17.295,25,P,0.176564,-0.000546
XIU,TSX,03/30/17,90,29.978,30,C,0.10434,0
XIU,TSX,03/30/17,90,16.142,30,P,0.176564,-0.000025
XIU,TSX,03/30/17,90,31.131,35,C,0.10434,0
XIU,TSX,03/30/17,90,14.989,35,P,0.176564,-0
XIU,TSX,03/30/17,90,32.284,40,C,0.10434,0
XIU,TSX,03/30/17,90,13.836,40,P,0.176564,-0
XIU,TSX,03/30/17,90,33.437,45,C,0.10434,0
XIU,TSX,03/30/17,90,12.683,45,P,0.176564,-0
XIU,TSX,03/30/17,90,34.59,50,C,0.10434,0
XIU,TSX,03/30/17,90,11.53,50,P,0.176564,-0
XIU,TSX,03/30/17,90,35.743,55,C,0.10434,0
XIU,TSX,03/30/17,90,10.377,55,P,0.176564,-0
XIU,TSX,03/30/17,90,36.896,60,C,0.10434,0
XIU,TSX,03/30/17,90,9.224,60,P,0.176564,0
XIU,TSX,03/30/17,120,23.06,0,C,0.12093,0.467048
XIU,TSX,03/30/17,120,23.06,0,P,0.120655,-0.523118
XIU,TSX,03/30/17,120,24.213,5,C,0.104157,0.179697
XIU,TSX,03/30/17,120,21.907,5,P,0.144575,-0.280458
XIU,TSX,03/30/17,120,25.366,10,C,0.104157,0.045194
XIU,TSX,03/30/17,120,20.754,10,P,0.169246,-0.143399
XIU,TSX,03/30/17,120,26.519,15,C,0.104157,0.007415
XIU,TSX,03/30/17,120,19.601,15,P,0.173321,-0.053015
XIU,TSX,03/30/17,120,27.672,20,C,0.104157,0.000821
XIU,TSX,03/30/17,120,18.448,20,P,0.173321,-0.01303
XIU,TSX,03/30/17,120,28.825,25,C,0.104157,0.000064
XIU,TSX,03/30/17,120,17.295,25,P,0.173321,-0.002027
XIU,TSX,03/30/17,120,29.978,30,C,0.104157,0.000004
XIU,TSX,03/30/17,120,16.142,30,P,0.173321,-0.00018
XIU,TSX,03/30/17,120,31.131,35,C,0.104157,0
XIU,TSX,03/30/17,120,14.989,35,P,0.173321,-0.000008
XIU,TSX,03/30/17,120,32.284,40,C,0.104157,0
XIU,TSX,03/30/17,120,13.836,40,P,0.173321,-0
XIU,TSX,03/30/17,120,33.437,45,C,0.104157,0
XIU,TSX,03/30/17,120,12.683,45,P,0.173321,-0
XIU,TSX,03/30/17,120,34.59,50,C,0.104157,0
XIU,TSX,03/30/17,120,11.53,50,P,0.173321,-0
XIU,TSX,03/30/17,120,35.743,55,C,0.104157,0
XIU,TSX,03/30/17,120,10.377,55,P,0.173321,-0
XIU,TSX,03/30/17,120,36.896,60,C,0.104157,0
XIU,TSX,03/30/17,120,9.224,60,P,0.173321,-0
XIU,TSX,03/30/17,150,23.06,0,C,0.122209,0.462337
XIU,TSX,03/30/17,150,23.06,0,P,0.121953,-0.524959
XIU,TSX,03/30/17,150,24.213,5,C,0.104047,0.198594
XIU,TSX,03/30/17,150,21.907,5,P,0.141752,-0.301559
XIU,TSX,03/30/17,150,25.366,10,C,0.104047,0.061606
XIU,TSX,03/30/17,150,20.754,10,P,0.165665,-0.166938
XIU,TSX,03/30/17,150,26.519,15,C,0.104047,0.013679
XIU,TSX,03/30/17,150,19.601,15,P,0.171346,-0.072601
XIU,TSX,03/30/17,150,27.672,20,C,0.104047,0.002231
XIU,TSX,03/30/17,150,18.448,20,P,0.171346,-0.022362
XIU,TSX,03/30/17,150,28.825,25,C,0.104047,0.000275
XIU,TSX,03/30/17,150,17.295,25,P,0.171346,-0.004746
XIU,TSX,03/30/17,150,29.978,30,C,0.104047,0.000026
XIU,TSX,03/30/17,150,16.142,30,P,0.171346,-0.000638
XIU,TSX,03/30/17,150,31.131,35,C,0.104047,0.000002
XIU,TSX,03/30/17,150,14.989,35,P,0.171346,-0.000049
XIU,TSX,03/30/17,150,32.284,40,C,0.104047,0
XIU,TSX,03/30/17,150,13.836,40,P,0.171346,-0.000002
XIU,TSX,03/30/17,150,33.437,45,C,0.104047,0
XIU,TSX,03/30/17,150,12.683,45,P,0.171346,-0
XIU,TSX,03/30/17,150,34.59,50,C,0.104047,0
XIU,TSX,03/30/17,150,11.53,50,P,0.171346,-0
XIU,TSX,03/30/17,150,35.743,55,C,0.104047,0
XIU,TSX,03/30/17,150,10.377,55,P,0.171346,-0
XIU,TSX,03/30/17,150,36.896,60,C,0.104047,0
XIU,TSX,03/30/17,150,9.224,60,P,0.171346,0
XIU,TSX,03/30/17,180,23.06,0,C,0.124966,0.459395
XIU,TSX,03/30/17,180,23.06,0,P,0.124757,-0.525001
XIU,TSX,03/30/17,180,24.213,5,C,0.106774,0.219444
XIU,TSX,03/30/17,180,21.907,5,P,0.141916,-0.319958
XIU,TSX,03/30/17,180,25.366,10,C,0.106392,0.081283
XIU,TSX,03/30/17,180,20.754,10,P,0.164309,-0.188073
XIU,TSX,03/30/17,180,26.519,15,C,0.106392,0.023318
XIU,TSX,03/30/17,180,19.601,15,P,0.172821,-0.093988
XIU,TSX,03/30/17,180,27.672,20,C,0.106392,0.005263
XIU,TSX,03/30/17,180,18.448,20,P,0.175633,-0.036928
XIU,TSX,03/30/17,180,28.825,25,C,0.106392,0.000956
XIU,TSX,03/30/17,180,17.295,25,P,0.175633,-0.010458
XIU,TSX,03/30/17,180,29.978,30,C,0.106392,0.000143
XIU,TSX,03/30/17,180,16.142,30,P,0.175633,-0.002066
XIU,TSX,03/30/17,180,31.131,35,C,0.106392,0.000018
XIU,TSX,03/30/17,180,14.989,35,P,0.175633,-0.000262
XIU,TSX,03/30/17,180,32.284,40,C,0.106392,0.000002
XIU,TSX,03/30/17,180,13.836,40,P,0.175633,-0.000019
XIU,TSX,03/30/17,180,33.437,45,C,0.106392,0
XIU,TSX,03/30/17,180,12.683,45,P,0.175633,-0.000001
XIU,TSX,03/30/17,180,34.59,50,C,0.106392,0
XIU,TSX,03/30/17,180,11.53,50,P,0.175633,-0
XIU,TSX,03/30/17,180,35.743,55,C,0.106392,0
XIU,TSX,03/30/17,180,10.377,55,P,0.175633,-0
XIU,TSX,03/30/17,180,36.896,60,C,0.106392,0
XIU,TSX,03/30/17,180,9.224,60,P,0.175633,-0
XIU,TSX,03/30/17,360,23.06,0,C,0.133513,0.4561
XIU,TSX,03/30/17,360,23.06,0,P,0.133734,-0.514411
XIU,TSX,03/30/17,360,24.213,5,C,0.126439,0.30789
XIU,TSX,03/30/17,360,21.907,5,P,0.150414,-0.373492
XIU,TSX,03/30/17,360,25.366,10,C,0.126439,0.192939
XIU,TSX,03/30/17,360,20.754,10,P,0.165469,-0.263002
XIU,TSX,03/30/17,360,26.519,15,C,0.126439,0.11169
XIU,TSX,03/30/17,360,19.601,15,P,0.176497,-0.17672
XIU,TSX,03/30/17,360,27.672,20,C,0.126439,0.060092
XIU,TSX,03/30/17,360,18.448,20,P,0.188657,-0.11468
XIU,TSX,03/30/17,360,28.825,25,C,0.126439,0.030244
XIU,TSX,03/30/17,360,17.295,25,P,0.195793,-0.0674
XIU,TSX,03/30/17,360,29.978,30,C,0.126439,0.01433
XIU,TSX,03/30/17,360,16.142,30,P,0.195793,-0.032291
XIU,TSX,03/30/17,360,31.131,35,C,0.126439,0.006431
XIU,TSX,03/30/17,360,14.989,35,P,0.195793,-0.012956
XIU,TSX,03/30/17,360,32.284,40,C,0.126439,0.002749
XIU,TSX,03/30/17,360,13.836,40,P,0.195793,-0.004174
XIU,TSX,03/30/17,360,33.437,45,C,0.126439,0.001125
XIU,TSX,03/30/17,360,12.683,45,P,0.195793,-0.001021
XIU,TSX,03/30/17,360,34.59,50,C,0.126439,0.000443
XIU,TSX,03/30/17,360,11.53,50,P,0.195793,-0.000176
XIU,TSX,03/30/17,360,35.743,55,C,0.126439,0.000169
XIU,TSX,03/30/17,360,10.377,55,P,0.195793,-0.000019
XIU,TSX,03/30/17,360,36.896,60,C,0.126439,0.000062
XIU,TSX,03/30/17,360,9.224,60,P,0.195793,-0.000001
XIU,TSX,03/30/17,720,23.06,0,C,0.156246,0.467193
XIU,TSX,03/30/17,720,23.06,0,P,0.157328,-0.482801
XIU,TSX,03/30/17,720,24.213,5,C,0.149136,0.375761
XIU,TSX,03/30/17,720,21.907,5,P,0.167046,-0.394874
XIU,TSX,03/30/17,720,25.366,10,C,0.149136,0.297438
XIU,TSX,03/30/17,720,20.754,10,P,0.178355,-0.316549
XIU,TSX,03/30/17,720,26.519,15,C,0.149136,0.230045
XIU,TSX,03/30/17,720,19.601,15,P,0.188277,-0.248483
XIU,TSX,03/30/17,720,27.672,20,C,0.149136,0.174192
XIU,TSX,03/30/17,720,18.448,20,P,0.203173,-0.194508
XIU,TSX,03/30/17,720,28.825,25,C,0.149136,0.129386
XIU,TSX,03/30/17,720,17.295,25,P,0.206987,-0.142702
XIU,TSX,03/30/17,720,29.978,30,C,0.149136,0.094451
XIU,TSX,03/30/17,720,16.142,30,P,0.206987,-0.096452
XIU,TSX,03/30/17,720,31.131,35,C,0.149136,0.067879
XIU,TSX,03/30/17,720,14.989,35,P,0.206987,-0.060111
XIU,TSX,03/30/17,720,32.284,40,C,0.149136,0.048105
XIU,TSX,03/30/17,720,13.836,40,P,0.206987,-0.033893
XIU,TSX,03/30/17,720,33.437,45,C,0.149136,0.033667
XIU,TSX,03/30/17,720,12.683,45,P,0.206987,-0.016865
XIU,TSX,03/30/17,720,34.59,50,C,0.149136,0.0233
XIU,TSX,03/30/17,720,11.53,50,P,0.206987,-0.007163
XIU,TSX,03/30/17,720,35.743,55,C,0.149136,0.015966
XIU,TSX,03/30/17,720,10.377,55,P,0.206987,-0.002481
XIU,TSX,03/30/17,720,36.896,60,C,0.149136,0.010844
XIU,TSX,03/30/17,720,9.224,60,P,0.206987,-0.000657
XIU,TSX,03/30/17,1080,23.06,0,C,0.156246,0.455193
XIU,TSX,03/30/17,1080,23.06,0,P,0.157328,-0.471781
XIU,TSX,03/30/17,1080,24.213,5,C,0.149136,0.380473
XIU,TSX,03/30/17,1080,21.907,5,P,0.167046,-0.399468
XIU,TSX,03/30/17,1080,25.366,10,C,0.149136,0.316744
XIU,TSX,03/30/17,1080,20.754,10,P,0.178355,-0.333775
XIU,TSX,03/30/17,1080,26.519,15,C,0.149136,0.260068
XIU,TSX,03/30/17,1080,19.601,15,P,0.188277,-0.275617
XIU,TSX,03/30/17,1080,27.672,20,C,0.149136,0.210872
XIU,TSX,03/30/17,1080,18.448,20,P,0.203173,-0.226597
XIU,TSX,03/30/17,1080,28.825,25,C,0.149136,0.16906
XIU,TSX,03/30/17,1080,17.295,25,P,0.206987,-0.179051
XIU,TSX,03/30/17,1080,29.978,30,C,0.149136,0.13417
XIU,TSX,03/30/17,1080,16.142,30,P,0.206987,-0.133982
XIU,TSX,03/30/17,1080,31.131,35,C,0.149136,0.105516
XIU,TSX,03/30/17,1080,14.989,35,P,0.206987,-0.094864
XIU,TSX,03/30/17,1080,32.284,40,C,0.149136,0.082311
XIU,TSX,03/30/17,1080,13.836,40,P,0.206987,-0.062749
XIU,TSX,03/30/17,1080,33.437,45,C,0.149136,0.063746
XIU,TSX,03/30/17,1080,12.683,45,P,0.206987,-0.038135
XIU,TSX,03/30/17,1080,34.59,50,C,0.149136,0.049053
XIU,TSX,03/30/17,1080,11.53,50,P,0.206987,-0.020823
XIU,TSX,03/30/17,1080,35.743,55,C,0.149136,0.037532
XIU,TSX,03/30/17,1080,10.377,55,P,0.206987,-0.009907
XIU,TSX,03/30/17,1080,36.896,60,C,0.149136,0.028573
XIU,TSX,03/30/17,1080,9.224,60,P,0.206987,-0.003933
